{"component":true,"usingComponents":{"t-checkbox":"../../../miniprogram_npm/tdesign-miniprogram/checkbox/checkbox","t-swipe-cell":"../../../miniprogram_npm/tdesign-miniprogram/swipe-cell/swipe-cell","t-cell":"../../../miniprogram_npm/tdesign-miniprogram/cell/cell","my-avatar":"/./components/avatar-box/avatar-box","my-navbar":"/./components/custom-nav-bar/custom-nav-bar","my-tabbar":"/./components/custom-tab-bar/custom-tab-bar","t-icon":"/./miniprogram_npm/tdesign-miniprogram/icon/icon","t-tab-bar":"/./miniprogram_npm/tdesign-miniprogram/tab-bar/tab-bar","t-tab-bar-item":"/./miniprogram_npm/tdesign-miniprogram/tab-bar-item/tab-bar-item"}}