{"usingComponents":{"custom-popup":"../../../components/custom-popup/custom-popup","t-icon":"../../../miniprogram_npm/tdesign-miniprogram/icon/icon","t-cell":"../../../miniprogram_npm/tdesign-miniprogram/cell/cell","t-input":"../../../miniprogram_npm/tdesign-miniprogram/input/input","t-row":"../../../miniprogram_npm/tdesign-miniprogram/row/row","t-col":"../../../miniprogram_npm/tdesign-miniprogram/col/col","custom-addlotteryprizes":"../../../components/custom-box/addlotteryprizes/addlotteryprizes","safeCodeBox":"../../../components/custom-box/safeCodeBox/safeCodeBox","my-avatar":"/./components/avatar-box/avatar-box","my-navbar":"/./components/custom-nav-bar/custom-nav-bar","my-tabbar":"/./components/custom-tab-bar/custom-tab-bar","t-tab-bar":"/./miniprogram_npm/tdesign-miniprogram/tab-bar/tab-bar","t-tab-bar-item":"/./miniprogram_npm/tdesign-miniprogram/tab-bar-item/tab-bar-item"},"disableScroll":true}