{
    "navigationBarBackgroundColor": "#fff",
    "usingComponents": {
        "t-dropdown-menu": "../../../miniprogram_npm/tdesign-miniprogram/dropdown-menu/dropdown-menu",
        "t-dropdown-item": "../../../miniprogram_npm/tdesign-miniprogram/dropdown-item/dropdown-item",
        "t-checkbox-group": "../../../miniprogram_npm/tdesign-miniprogram/checkbox-group/checkbox-group",
        "t-checkbox": "../../../miniprogram_npm/tdesign-miniprogram/checkbox/checkbox",
        "t-col": "../../../miniprogram_npm/tdesign-miniprogram/col/col",
        "t-row": "../../../miniprogram_npm/tdesign-miniprogram/row/row",
        "t-search": "../../../miniprogram_npm/tdesign-miniprogram/search/search",
        "my-avatar": "/./components/avatar-box/avatar-box",
        "my-navbar": "/./components/custom-nav-bar/custom-nav-bar",
        "my-tabbar": "/./components/custom-tab-bar/custom-tab-bar",
        "t-icon": "/./miniprogram_npm/tdesign-miniprogram/icon/icon",
        "t-tab-bar": "/./miniprogram_npm/tdesign-miniprogram/tab-bar/tab-bar",
        "t-tab-bar-item": "/./miniprogram_npm/tdesign-miniprogram/tab-bar-item/tab-bar-item"
    },
    "disableScroll": true
}