{"usingComponents":{"custom-popup":"../../../components/custom-popup/custom-popup","custom-addnewrule":"../../../components/custom-box/addnewrule/addnewrule","t-empty":"../../../miniprogram_npm/tdesign-miniprogram/empty/empty","t-loading":"../../../miniprogram_npm/tdesign-miniprogram/loading/loading","t-tabs":"../../../miniprogram_npm/tdesign-miniprogram/tabs/tabs","t-tab-panel":"../../../miniprogram_npm/tdesign-miniprogram/tab-panel/tab-panel","t-col":"../../../miniprogram_npm/tdesign-miniprogram/col/col","t-row":"../../../miniprogram_npm/tdesign-miniprogram/row/row","safeCodeBox":"../../../components/custom-box/safeCodeBox/safeCodeBox","my-avatar":"/./components/avatar-box/avatar-box","my-navbar":"/./components/custom-nav-bar/custom-nav-bar","my-tabbar":"/./components/custom-tab-bar/custom-tab-bar","t-icon":"/./miniprogram_npm/tdesign-miniprogram/icon/icon","t-tab-bar":"/./miniprogram_npm/tdesign-miniprogram/tab-bar/tab-bar","t-tab-bar-item":"/./miniprogram_npm/tdesign-miniprogram/tab-bar-item/tab-bar-item"},"disableScroll":true}