{"usingComponents":{"t-input":"../../miniprogram_npm/tdesign-miniprogram/input/input","t-cell":"../../miniprogram_npm/tdesign-miniprogram/cell/cell","t-radio":"../../miniprogram_npm/tdesign-miniprogram/radio/radio","t-button":"../../miniprogram_npm/tdesign-miniprogram/button/button","t-radio-group":"../../miniprogram_npm/tdesign-miniprogram/radio-group/radio-group","t-calendar":"../../miniprogram_npm/tdesign-miniprogram/calendar/calendar","custom-popup":"../../components/custom-popup/custom-popup","my-changeRuleBox":"../../components/custom-box/changeRule/changeRule","t-date-time-picker":"../../miniprogram_npm/tdesign-miniprogram/date-time-picker/date-time-picker","t-avatar":"../../miniprogram_npm/tdesign-miniprogram/avatar/avatar","my-avatar":"/./components/avatar-box/avatar-box","my-navbar":"/./components/custom-nav-bar/custom-nav-bar","my-tabbar":"/./components/custom-tab-bar/custom-tab-bar","t-icon":"/./miniprogram_npm/tdesign-miniprogram/icon/icon","t-tab-bar":"/./miniprogram_npm/tdesign-miniprogram/tab-bar/tab-bar","t-tab-bar-item":"/./miniprogram_npm/tdesign-miniprogram/tab-bar-item/tab-bar-item"},"disableScroll":true}