{"component":true,"usingComponents":{"t-icon":"../icon/icon","t-popup":"../popup/popup","t-tabs":"../tabs/tabs","t-tab-panel":"../tab-panel/tab-panel","t-radio-group":"../radio-group/radio-group","my-avatar":"/./components/avatar-box/avatar-box","my-navbar":"/./components/custom-nav-bar/custom-nav-bar","my-tabbar":"/./components/custom-tab-bar/custom-tab-bar","t-tab-bar":"/./miniprogram_npm/tdesign-miniprogram/tab-bar/tab-bar","t-tab-bar-item":"/./miniprogram_npm/tdesign-miniprogram/tab-bar-item/tab-bar-item"}}