{"component":true,"usingComponents":{"t-radio":"../radio/radio","t-radio-group":"../radio-group/radio-group","t-checkbox":"../checkbox/checkbox","t-checkbox-group":"../checkbox-group/checkbox-group","t-side-bar":"../side-bar/side-bar","t-side-bar-item":"../side-bar-item/side-bar-item","my-avatar":"/./components/avatar-box/avatar-box","my-navbar":"/./components/custom-nav-bar/custom-nav-bar","my-tabbar":"/./components/custom-tab-bar/custom-tab-bar","t-icon":"/./miniprogram_npm/tdesign-miniprogram/icon/icon","t-tab-bar":"/./miniprogram_npm/tdesign-miniprogram/tab-bar/tab-bar","t-tab-bar-item":"/./miniprogram_npm/tdesign-miniprogram/tab-bar-item/tab-bar-item"}}