{"usingComponents":{"t-button":"../../miniprogram_npm/tdesign-miniprogram/button/button","t-tag":"../../miniprogram_npm/tdesign-miniprogram/tag/tag","t-check-tag":"../../miniprogram_npm/tdesign-miniprogram/check-tag/check-tag","t-icon":"../../miniprogram_npm/tdesign-miniprogram/icon/icon","t-grid":"../../miniprogram_npm/tdesign-miniprogram/grid/grid","t-popup":"../../miniprogram_npm/tdesign-miniprogram/popup/popup","t-grid-item":"../../miniprogram_npm/tdesign-miniprogram/grid-item/grid-item","t-radio-group":"../../miniprogram_npm/tdesign-miniprogram/radio-group/radio-group","t-radio":"../../miniprogram_npm/tdesign-miniprogram/radio/radio","my-avatar":"/./components/avatar-box/avatar-box","my-navbar":"/./components/custom-nav-bar/custom-nav-bar","my-tabbar":"/./components/custom-tab-bar/custom-tab-bar","t-tab-bar":"/./miniprogram_npm/tdesign-miniprogram/tab-bar/tab-bar","t-tab-bar-item":"/./miniprogram_npm/tdesign-miniprogram/tab-bar-item/tab-bar-item"},"disableScroll":true}