{
    "component": true,
    "usingComponents": {
        "t-input": "../../../miniprogram_npm/tdesign-miniprogram/input/input",
        "t-button": "../../../miniprogram_npm/tdesign-miniprogram/button/button",
        "t-textarea": "../../../miniprogram_npm/tdesign-miniprogram/textarea/textarea",
        "t-cell": "../../../miniprogram_npm/tdesign-miniprogram/cell/cell",
        "t-date-time-picker": "../../../miniprogram_npm/tdesign-miniprogram/date-time-picker/date-time-picker",
        "t-upload": "../../../miniprogram_npm/tdesign-miniprogram/upload/upload",
        "t-icon": "../../../miniprogram_npm/tdesign-miniprogram/icon/icon",
        "t-image": "../../../miniprogram_npm/tdesign-miniprogram/image/image",
        "ImageViewer": "../../../components/ImageViewer/ImageViewer",
        "my-avatar": "/./components/avatar-box/avatar-box",
        "my-navbar": "/./components/custom-nav-bar/custom-nav-bar",
        "my-tabbar": "/./components/custom-tab-bar/custom-tab-bar",
        "t-tab-bar": "/./miniprogram_npm/tdesign-miniprogram/tab-bar/tab-bar",
        "t-tab-bar-item": "/./miniprogram_npm/tdesign-miniprogram/tab-bar-item/tab-bar-item"
    }
}