{"component":true,"usingComponents":{"t-button":"../../../miniprogram_npm/tdesign-miniprogram/button/button","t-icon":"../../../miniprogram_npm/tdesign-miniprogram/icon/icon","t-input":"../../../miniprogram_npm/tdesign-miniprogram/input/input","t-avatar":"../../../miniprogram_npm/tdesign-miniprogram/avatar/avatar","t-upload":"../../../miniprogram_npm/tdesign-miniprogram/upload/upload","my-avatar":"/./components/avatar-box/avatar-box","my-navbar":"/./components/custom-nav-bar/custom-nav-bar","my-tabbar":"/./components/custom-tab-bar/custom-tab-bar","t-tab-bar":"/./miniprogram_npm/tdesign-miniprogram/tab-bar/tab-bar","t-tab-bar-item":"/./miniprogram_npm/tdesign-miniprogram/tab-bar-item/tab-bar-item"}}