{
    "navigationBarBackgroundColor": "#fff",
    "usingComponents": {
        "t-side-bar": "../../miniprogram_npm/tdesign-miniprogram/side-bar/side-bar",
        "t-side-bar-item": "../../miniprogram_npm/tdesign-miniprogram/side-bar-item/side-bar-item",
        "t-cell-group": "../../miniprogram_npm/tdesign-miniprogram/cell-group/cell-group",
        "t-cell": "../../miniprogram_npm/tdesign-miniprogram/cell/cell",
        "t-image": "../../miniprogram_npm/tdesign-miniprogram/image/image",
        "my-avatar": "/./components/avatar-box/avatar-box",
        "my-navbar": "/./components/custom-nav-bar/custom-nav-bar",
        "my-tabbar": "/./components/custom-tab-bar/custom-tab-bar",
        "t-icon": "/./miniprogram_npm/tdesign-miniprogram/icon/icon",
        "t-tab-bar": "/./miniprogram_npm/tdesign-miniprogram/tab-bar/tab-bar",
        "t-tab-bar-item": "/./miniprogram_npm/tdesign-miniprogram/tab-bar-item/tab-bar-item"
    }
}