{
    "usingComponents": {
        "t-loading": "../../miniprogram_npm/tdesign-miniprogram/loading/loading",
        "t-calendar": "../../miniprogram_npm/tdesign-miniprogram/calendar/calendar",
        "custom-popup": "../../components/custom-popup/custom-popup",
        "t-icon": "../../miniprogram_npm/tdesign-miniprogram/icon/icon",
        "custom-boxChangeChild": "../../components/custom-box/changeChild/changeChild",
        "custom-pageList": "../../components/pages/pages",
        "my-avatar": "/./components/avatar-box/avatar-box",
        "my-navbar": "/./components/custom-nav-bar/custom-nav-bar",
        "my-tabbar": "/./components/custom-tab-bar/custom-tab-bar",
        "t-tab-bar": "/./miniprogram_npm/tdesign-miniprogram/tab-bar/tab-bar",
        "t-tab-bar-item": "/./miniprogram_npm/tdesign-miniprogram/tab-bar-item/tab-bar-item"
    },
    "disableScroll": true
}