{"usingComponents":{"t-radio":"../../../miniprogram_npm/tdesign-miniprogram/radio/radio","t-radio-group":"../../../miniprogram_npm/tdesign-miniprogram/radio-group/radio-group","t-button":"../../../miniprogram_npm/tdesign-miniprogram/button/button","my-avatar":"/./components/avatar-box/avatar-box","my-navbar":"/./components/custom-nav-bar/custom-nav-bar","my-tabbar":"/./components/custom-tab-bar/custom-tab-bar","t-icon":"/./miniprogram_npm/tdesign-miniprogram/icon/icon","t-tab-bar":"/./miniprogram_npm/tdesign-miniprogram/tab-bar/tab-bar","t-tab-bar-item":"/./miniprogram_npm/tdesign-miniprogram/tab-bar-item/tab-bar-item"}}