{
    "component": true,
    "usingComponents": {
        "t-swiper-nav": "../swiper-nav/swiper-nav",
        "t-image": "../image/image",
        "my-avatar": "/./components/avatar-box/avatar-box",
        "my-navbar": "/./components/custom-nav-bar/custom-nav-bar",
        "my-tabbar": "/./components/custom-tab-bar/custom-tab-bar",
        "t-icon": "/./miniprogram_npm/tdesign-miniprogram/icon/icon",
        "t-tab-bar": "/./miniprogram_npm/tdesign-miniprogram/tab-bar/tab-bar",
        "t-tab-bar-item": "/./miniprogram_npm/tdesign-miniprogram/tab-bar-item/tab-bar-item"
    }
}