{
    "component": true,
    "usingComponents": {
        "t-input": "../../../miniprogram_npm/tdesign-miniprogram/input/input",
        "t-search": "../../../miniprogram_npm/tdesign-miniprogram/search/search",
        "t-radio-group": "../../../miniprogram_npm/tdesign-miniprogram/radio-group/radio-group",
        "t-radio": "../../../miniprogram_npm/tdesign-miniprogram/radio/radio",
        "t-icon": "../../../miniprogram_npm/tdesign-miniprogram/icon/icon",
        "t-divider": "../../../miniprogram_npm/tdesign-miniprogram/divider/divider",
        "t-cell": "../../../miniprogram_npm/tdesign-miniprogram/cell/cell",
        "t-switch": "../../../miniprogram_npm/tdesign-miniprogram/switch/switch",
        "t-button": "../../../miniprogram_npm/tdesign-miniprogram/button/button",
        "t-textarea": "../../../miniprogram_npm/tdesign-miniprogram/textarea/textarea",
        "t-checkbox": "../../../miniprogram_npm/tdesign-miniprogram/checkbox/checkbox",
        "t-notice-bar": "../../../miniprogram_npm/tdesign-miniprogram/notice-bar/notice-bar",
        "my-avatar": "/./components/avatar-box/avatar-box",
        "my-navbar": "/./components/custom-nav-bar/custom-nav-bar",
        "my-tabbar": "/./components/custom-tab-bar/custom-tab-bar",
        "t-tab-bar": "/./miniprogram_npm/tdesign-miniprogram/tab-bar/tab-bar",
        "t-tab-bar-item": "/./miniprogram_npm/tdesign-miniprogram/tab-bar-item/tab-bar-item"
    }
}