{"usingComponents":{"custom-popup":"../../../components/custom-popup/custom-popup","t-cell":"../../../miniprogram_npm/tdesign-miniprogram/cell/cell","t-icon":"../../../miniprogram_npm/tdesign-miniprogram/icon/icon","my-prizes-exchange":"../../../components/exchangeprizescard/exchangeprizescard","custom-addexchangeprizes":"../../../components/custom-box/addexchangeprizes/addexchangeprizes","safeCodeBox":"../../../components/custom-box/safeCodeBox/safeCodeBox","my-avatar":"/./components/avatar-box/avatar-box","my-navbar":"/./components/custom-nav-bar/custom-nav-bar","my-tabbar":"/./components/custom-tab-bar/custom-tab-bar","t-tab-bar":"/./miniprogram_npm/tdesign-miniprogram/tab-bar/tab-bar","t-tab-bar-item":"/./miniprogram_npm/tdesign-miniprogram/tab-bar-item/tab-bar-item"},"disableScroll":true}