{"usingComponents":{"t-grid":"../../../miniprogram_npm/tdesign-miniprogram/grid/grid","t-grid-item":"../../../miniprogram_npm/tdesign-miniprogram/grid-item/grid-item","t-col":"../../../miniprogram_npm/tdesign-miniprogram/col/col","t-row":"../../../miniprogram_npm/tdesign-miniprogram/row/row","t-input":"../../../miniprogram_npm/tdesign-miniprogram/input/input","t-icon":"../../../miniprogram_npm/tdesign-miniprogram/icon/icon","custom-popup":"../../../components/custom-popup/custom-popup","t-button":"../../../miniprogram_npm/tdesign-miniprogram/button/button","t-switch":"../../../miniprogram_npm/tdesign-miniprogram/switch/switch","custom-addrulecause":"../../../components/custom-box/addrulecause/addrulecause","custom-addrule":"../../../components/custom-box/addnewrule/addnewrule","my-avatar":"/./components/avatar-box/avatar-box","my-navbar":"/./components/custom-nav-bar/custom-nav-bar","my-tabbar":"/./components/custom-tab-bar/custom-tab-bar","t-tab-bar":"/./miniprogram_npm/tdesign-miniprogram/tab-bar/tab-bar","t-tab-bar-item":"/./miniprogram_npm/tdesign-miniprogram/tab-bar-item/tab-bar-item"},"disableScroll":true}