{
    "usingComponents": {
        "t-col": "../../../miniprogram_npm/tdesign-miniprogram/col/col",
        "t-tabs": "../../../miniprogram_npm/tdesign-miniprogram/tabs/tabs",
        "custom-popup": "../../../components/custom-popup/custom-popup",
        "custom-addGrowthRecord": "../../../components/custom-box/addGrowthRecord/addGrowthRecord",
        "t-tab-panel": "../../../miniprogram_npm/tdesign-miniprogram/tab-panel/tab-panel",
        "t-fab": "../../../miniprogram_npm/tdesign-miniprogram/fab/fab",
        "custom-boxChangeChild": "../../../components/custom-box/changeChild/changeChild",
        "custom-pageList": "../../../components/pages/pages",
        "t-button": "../../../miniprogram_npm/tdesign-miniprogram/button/button",
        "draggable-view": "../../../components/draggable/draggable",
        "my-avatar": "/./components/avatar-box/avatar-box",
        "my-navbar": "/./components/custom-nav-bar/custom-nav-bar",
        "my-tabbar": "/./components/custom-tab-bar/custom-tab-bar",
        "t-icon": "/./miniprogram_npm/tdesign-miniprogram/icon/icon",
        "t-tab-bar": "/./miniprogram_npm/tdesign-miniprogram/tab-bar/tab-bar",
        "t-tab-bar-item": "/./miniprogram_npm/tdesign-miniprogram/tab-bar-item/tab-bar-item"
    },
    "disableScroll": true
}