{"component":true,"usingComponents":{"t-button":"../../../miniprogram_npm/tdesign-miniprogram/button/button","t-cell":"../../../miniprogram_npm/tdesign-miniprogram/cell/cell","t-switch":"../../../miniprogram_npm/tdesign-miniprogram/switch/switch","t-input":"../../../miniprogram_npm/tdesign-miniprogram/input/input","t-textarea":"../../../miniprogram_npm/tdesign-miniprogram/textarea/textarea","my-avatar":"/./components/avatar-box/avatar-box","my-navbar":"/./components/custom-nav-bar/custom-nav-bar","my-tabbar":"/./components/custom-tab-bar/custom-tab-bar","t-icon":"/./miniprogram_npm/tdesign-miniprogram/icon/icon","t-tab-bar":"/./miniprogram_npm/tdesign-miniprogram/tab-bar/tab-bar","t-tab-bar-item":"/./miniprogram_npm/tdesign-miniprogram/tab-bar-item/tab-bar-item"}}