{"usingComponents":{"t-grid":"../../miniprogram_npm/tdesign-miniprogram/grid/grid","t-grid-item":"../../miniprogram_npm/tdesign-miniprogram/grid-item/grid-item","t-icon":"../../miniprogram_npm/tdesign-miniprogram/icon/icon","t-fab":"../../miniprogram_npm/tdesign-miniprogram/fab/fab","t-divider":"../../miniprogram_npm/tdesign-miniprogram/divider/divider","t-empty":"../../miniprogram_npm/tdesign-miniprogram/empty/empty","t-loading":"../../miniprogram_npm/tdesign-miniprogram/loading/loading","t-image":"../../miniprogram_npm/tdesign-miniprogram/image/image","custom-popup":"../../components/custom-popup/custom-popup","custom-addPoints":"../../components/custom-box/addpoints/addpoints","custom-boxChangeChild":"../../components/custom-box/changeChild/changeChild","custom-addchildBox":"../../components/custom-box/addchild/addchild","my-changeRuleBox":"../../components/custom-box/changeRule/changeRule","my-avatar":"/./components/avatar-box/avatar-box","my-navbar":"/./components/custom-nav-bar/custom-nav-bar","my-tabbar":"/./components/custom-tab-bar/custom-tab-bar","t-tab-bar":"/./miniprogram_npm/tdesign-miniprogram/tab-bar/tab-bar","t-tab-bar-item":"/./miniprogram_npm/tdesign-miniprogram/tab-bar-item/tab-bar-item"},"disableScroll":true}