{
    "usingComponents": {
        "t-row": "../../miniprogram_npm/tdesign-miniprogram/row/row",
        "t-col": "../../miniprogram_npm/tdesign-miniprogram/col/col",
        "lotter-lucky-wheel": "../../components/lotter-lucky-wheel/index",
        "t-icon": "../../miniprogram_npm/tdesign-miniprogram/icon/icon",
        "t-tabs": "../../miniprogram_npm/tdesign-miniprogram/tabs/tabs",
        "t-tab-panel": "../../miniprogram_npm/tdesign-miniprogram/tab-panel/tab-panel",
        "custom-popup": "../../components/custom-popup/custom-popup",
        "custom-boxChangeChild": "../../components/custom-box/changeChild/changeChild",
        "custom-pageList": "../../components/pages/pages",
        "my-avatar": "/./components/avatar-box/avatar-box",
        "my-navbar": "/./components/custom-nav-bar/custom-nav-bar",
        "my-tabbar": "/./components/custom-tab-bar/custom-tab-bar",
        "t-tab-bar": "/./miniprogram_npm/tdesign-miniprogram/tab-bar/tab-bar",
        "t-tab-bar-item": "/./miniprogram_npm/tdesign-miniprogram/tab-bar-item/tab-bar-item"
    },
    "disableScroll": true
}