{"component":true,"usingComponents":{"t-checkbox-group":"../../../miniprogram_npm/tdesign-miniprogram/checkbox-group/checkbox-group","t-checkbox":"../../../miniprogram_npm/tdesign-miniprogram/checkbox/checkbox","t-icon":"../../../miniprogram_npm/tdesign-miniprogram/icon/icon","t-button":"../../../miniprogram_npm/tdesign-miniprogram/button/button","my-avatar":"/./components/avatar-box/avatar-box","my-navbar":"/./components/custom-nav-bar/custom-nav-bar","my-tabbar":"/./components/custom-tab-bar/custom-tab-bar","t-tab-bar":"/./miniprogram_npm/tdesign-miniprogram/tab-bar/tab-bar","t-tab-bar-item":"/./miniprogram_npm/tdesign-miniprogram/tab-bar-item/tab-bar-item"}}