{
    "usingComponents": {
        "t-icon": "../../../miniprogram_npm/tdesign-miniprogram/icon/icon",
        "my-prizes-exchange": "../../../components/exchangeprizescard/exchangeprizescard",
        "t-tabs": "../../../miniprogram_npm/tdesign-miniprogram/tabs/tabs",
        "t-tab-panel": "../../../miniprogram_npm/tdesign-miniprogram/tab-panel/tab-panel",
        "t-col": "../../../miniprogram_npm/tdesign-miniprogram/col/col",
        "custom-popup": "../../../components/custom-popup/custom-popup",
        "t-row": "../../../miniprogram_npm/tdesign-miniprogram/row/row",
        "custom-boxChangeChild": "../../../components/custom-box/changeChild/changeChild",
        "t-search": "../../../miniprogram_npm/tdesign-miniprogram/search/search",
        "custom-pageList": "../../../components/pages/pages",
        "my-avatar": "/./components/avatar-box/avatar-box",
        "my-navbar": "/./components/custom-nav-bar/custom-nav-bar",
        "my-tabbar": "/./components/custom-tab-bar/custom-tab-bar",
        "t-tab-bar": "/./miniprogram_npm/tdesign-miniprogram/tab-bar/tab-bar",
        "t-tab-bar-item": "/./miniprogram_npm/tdesign-miniprogram/tab-bar-item/tab-bar-item"
    },
    "disableScroll": true
}