{
    "navigationBarBackgroundColor": "#fff",
    "usingComponents": {
        "t-side-bar": "../../../miniprogram_npm/tdesign-miniprogram/side-bar/side-bar",
        "t-side-bar-item": "../../../miniprogram_npm/tdesign-miniprogram/side-bar-item/side-bar-item",
        "t-cell-group": "../../../miniprogram_npm/tdesign-miniprogram/cell-group/cell-group",
        "t-button": "../../../miniprogram_npm/tdesign-miniprogram/button/button",
        "t-cell": "../../../miniprogram_npm/tdesign-miniprogram/cell/cell",
        "draggable-view": "../../../components/draggable/draggable",
        "custom-popup": "../../../components/custom-popup/custom-popup",
        "addcourse": "../../../components/custom-box/addcourse/addcourse",
        "addscores": "../../../components/custom-box/addscores/addscores",
        "t-image": "../../../miniprogram_npm/tdesign-miniprogram/image/image",
        "custom-pageList": "../../../components/pages/pages",
        "t-icon": "../../../miniprogram_npm/tdesign-miniprogram/icon/icon",
        "safeCodeBox": "../../../components/custom-box/safeCodeBox/safeCodeBox",
        "addchildBox": "../../../components/custom-box/addchild/addchild",
        "delcourseBox": "../../../components/custom-box/delcourse/delcourse",
        "custom-scores-card": "../../../components/custom-card/scores-card/scores-card",
        "t-checkbox": "../../../miniprogram_npm/tdesign-miniprogram/checkbox/checkbox",
        "t-checkbox-group": "../../../miniprogram_npm/tdesign-miniprogram/checkbox-group/checkbox-group",
        "my-avatar": "/./components/avatar-box/avatar-box",
        "my-navbar": "/./components/custom-nav-bar/custom-nav-bar",
        "my-tabbar": "/./components/custom-tab-bar/custom-tab-bar",
        "t-tab-bar": "/./miniprogram_npm/tdesign-miniprogram/tab-bar/tab-bar",
        "t-tab-bar-item": "/./miniprogram_npm/tdesign-miniprogram/tab-bar-item/tab-bar-item"
    },
    "disableScroll": true
}